dateday,datemonth,url
,2006-04,http://aisdata.ais.dk/2006/aisdk-2006-04.zip
,2006-06,http://aisdata.ais.dk/2006/aisdk-2006-06.zip
,2006-03,http://aisdata.ais.dk/2006/aisdk-2006-03.zip
,2006-08,http://aisdata.ais.dk/2006/aisdk-2006-08.zip
,2006-09,http://aisdata.ais.dk/2006/aisdk-2006-09.zip
,2006-11,http://aisdata.ais.dk/2006/aisdk-2006-11.zip
,2006-07,http://aisdata.ais.dk/2006/aisdk-2006-07.zip
,2006-10,http://aisdata.ais.dk/2006/aisdk-2006-10.zip
,2006-12,http://aisdata.ais.dk/2006/aisdk-2006-12.zip
,2007-01,http://aisdata.ais.dk/2007/aisdk-2007-01.zip
,2007-03,http://aisdata.ais.dk/2007/aisdk-2007-03.zip
,2007-05,http://aisdata.ais.dk/2007/aisdk-2007-05.zip
,2007-02,http://aisdata.ais.dk/2007/aisdk-2007-02.zip
,2007-06,http://aisdata.ais.dk/2007/aisdk-2007-06.zip
,2007-08,http://aisdata.ais.dk/2007/aisdk-2007-08.zip
,2007-07,http://aisdata.ais.dk/2007/aisdk-2007-07.zip
,2007-12,http://aisdata.ais.dk/2007/aisdk-2007-12.zip
,2007-10,http://aisdata.ais.dk/2007/aisdk-2007-10.zip
,2007-11,http://aisdata.ais.dk/2007/aisdk-2007-11.zip
,2007-09,http://aisdata.ais.dk/2007/aisdk-2007-09.zip
,2008-01,http://aisdata.ais.dk/2008/aisdk-2008-01.zip
,2008-05,http://aisdata.ais.dk/2008/aisdk-2008-05.zip
,2008-07,http://aisdata.ais.dk/2008/aisdk-2008-07.zip
,2008-03,http://aisdata.ais.dk/2008/aisdk-2008-03.zip
,2008-06,http://aisdata.ais.dk/2008/aisdk-2008-06.zip
,2008-11,http://aisdata.ais.dk/2008/aisdk-2008-11.zip
,2008-09,http://aisdata.ais.dk/2008/aisdk-2008-09.zip
,2008-12,http://aisdata.ais.dk/2008/aisdk-2008-12.zip
,2009-01,http://aisdata.ais.dk/2009/aisdk-2009-01.zip
,2008-08,http://aisdata.ais.dk/2008/aisdk-2008-08.zip
,2008-10,http://aisdata.ais.dk/2008/aisdk-2008-10.zip
,2009-02,http://aisdata.ais.dk/2009/aisdk-2009-02.zip
,2009-03,http://aisdata.ais.dk/2009/aisdk-2009-03.zip
,2009-05,http://aisdata.ais.dk/2009/aisdk-2009-05.zip
,2009-08,http://aisdata.ais.dk/2009/aisdk-2009-08.zip
,2009-10,http://aisdata.ais.dk/2009/aisdk-2009-10.zip
,2009-06,http://aisdata.ais.dk/2009/aisdk-2009-06.zip
,2009-12,http://aisdata.ais.dk/2009/aisdk-2009-12.zip
,2009-07,http://aisdata.ais.dk/2009/aisdk-2009-07.zip
,2010-06,http://aisdata.ais.dk/2010/aisdk-2010-06.zip
,2010-04,http://aisdata.ais.dk/2010/aisdk-2010-04.zip
,2010-08,http://aisdata.ais.dk/2010/aisdk-2010-08.zip
,2010-07,http://aisdata.ais.dk/2010/aisdk-2010-07.zip
,2010-05,http://aisdata.ais.dk/2010/aisdk-2010-05.zip
,2010-10,http://aisdata.ais.dk/2010/aisdk-2010-10.zip
,2010-11,http://aisdata.ais.dk/2010/aisdk-2010-11.zip
,2011-01,http://aisdata.ais.dk/2011/aisdk-2011-01.zip
,2011-02,http://aisdata.ais.dk/2011/aisdk-2011-02.zip
,2011-06,http://aisdata.ais.dk/2011/aisdk-2011-06.zip
,2011-03,http://aisdata.ais.dk/2011/aisdk-2011-03.zip
,2011-07,http://aisdata.ais.dk/2011/aisdk-2011-07.zip
,2011-08,http://aisdata.ais.dk/2011/aisdk-2011-08.zip
,2011-11,http://aisdata.ais.dk/2011/aisdk-2011-11.zip
,2011-05,http://aisdata.ais.dk/2011/aisdk-2011-05.zip
,2011-10,http://aisdata.ais.dk/2011/aisdk-2011-10.zip
,2011-09,http://aisdata.ais.dk/2011/aisdk-2011-09.zip
,2012-02,http://aisdata.ais.dk/2012/aisdk-2012-02.zip
,2011-12,http://aisdata.ais.dk/2011/aisdk-2011-12.zip
,2012-01,http://aisdata.ais.dk/2012/aisdk-2012-01.zip
,2012-03,http://aisdata.ais.dk/2012/aisdk-2012-03.zip
,2012-04,http://aisdata.ais.dk/2012/aisdk-2012-04.zip
,2012-07,http://aisdata.ais.dk/2012/aisdk-2012-07.zip
,2012-08,http://aisdata.ais.dk/2012/aisdk-2012-08.zip
,2012-06,http://aisdata.ais.dk/2012/aisdk-2012-06.zip
,2012-05,http://aisdata.ais.dk/2012/aisdk-2012-05.zip
,2012-11,http://aisdata.ais.dk/2012/aisdk-2012-11.zip
,2012-09,http://aisdata.ais.dk/2012/aisdk-2012-09.zip
,2012-12,http://aisdata.ais.dk/2012/aisdk-2012-12.zip
,2013-01,http://aisdata.ais.dk/2013/aisdk-2013-01.zip
,2013-02,http://aisdata.ais.dk/2013/aisdk-2013-02.zip
,2013-03,http://aisdata.ais.dk/2013/aisdk-2013-03.zip
,2012-10,http://aisdata.ais.dk/2012/aisdk-2012-10.zip
,2013-07,http://aisdata.ais.dk/2013/aisdk-2013-07.zip
,2013-04,http://aisdata.ais.dk/2013/aisdk-2013-04.zip
,2013-08,http://aisdata.ais.dk/2013/aisdk-2013-08.zip
,2013-05,http://aisdata.ais.dk/2013/aisdk-2013-05.zip
,2013-09,http://aisdata.ais.dk/2013/aisdk-2013-09.zip
,2013-06,http://aisdata.ais.dk/2013/aisdk-2013-06.zip
,2014-02,http://aisdata.ais.dk/2014/aisdk-2014-02.zip
,2013-10,http://aisdata.ais.dk/2013/aisdk-2013-10.zip
,2014-05,http://aisdata.ais.dk/2014/aisdk-2014-05.zip
,2013-12,http://aisdata.ais.dk/2013/aisdk-2013-12.zip
,2014-03,http://aisdata.ais.dk/2014/aisdk-2014-03.zip
,2014-04,http://aisdata.ais.dk/2014/aisdk-2014-04.zip
,2014-06,http://aisdata.ais.dk/2014/aisdk-2014-06.zip
,2014-08,http://aisdata.ais.dk/2014/aisdk-2014-08.zip
,2014-11,http://aisdata.ais.dk/2014/aisdk-2014-11.zip
,2014-07,http://aisdata.ais.dk/2014/aisdk-2014-07.zip
,2015-01,http://aisdata.ais.dk/2015/aisdk-2015-01.zip
,2014-10,http://aisdata.ais.dk/2014/aisdk-2014-10.zip
,2015-02,http://aisdata.ais.dk/2015/aisdk-2015-02.zip
,2014-09,http://aisdata.ais.dk/2014/aisdk-2014-09.zip
,2015-03,http://aisdata.ais.dk/2015/aisdk-2015-03.zip
,2015-05,http://aisdata.ais.dk/2015/aisdk-2015-05.zip
,2015-04,http://aisdata.ais.dk/2015/aisdk-2015-04.zip
,2015-06,http://aisdata.ais.dk/2015/aisdk-2015-06.zip
,2015-07,http://aisdata.ais.dk/2015/aisdk-2015-07.zip
,2015-09,http://aisdata.ais.dk/2015/aisdk-2015-09.zip
,2015-08,http://aisdata.ais.dk/2015/aisdk-2015-08.zip
,2016-01,http://aisdata.ais.dk/2016/aisdk-2016-01.zip
,2015-10,http://aisdata.ais.dk/2015/aisdk-2015-10.zip
,2015-11,http://aisdata.ais.dk/2015/aisdk-2015-11.zip
,2016-03,http://aisdata.ais.dk/2016/aisdk-2016-03.zip
,2015-12,http://aisdata.ais.dk/2015/aisdk-2015-12.zip
,2016-02,http://aisdata.ais.dk/2016/aisdk-2016-02.zip
,2016-06,http://aisdata.ais.dk/2016/aisdk-2016-06.zip
,2016-05,http://aisdata.ais.dk/2016/aisdk-2016-05.zip
,2016-09,http://aisdata.ais.dk/2016/aisdk-2016-09.zip
,2016-10,http://aisdata.ais.dk/2016/aisdk-2016-10.zip
,2017-01,http://aisdata.ais.dk/2017/aisdk-2017-01.zip
,2016-11,http://aisdata.ais.dk/2016/aisdk-2016-11.zip
,2016-12,http://aisdata.ais.dk/2016/aisdk-2016-12.zip
,2017-08,http://aisdata.ais.dk/2017/aisdk-2017-08.zip
,2017-07,http://aisdata.ais.dk/2017/aisdk-2017-07.zip
,2017-11,http://aisdata.ais.dk/2017/aisdk-2017-11.zip
,2017-09,http://aisdata.ais.dk/2017/aisdk-2017-09.zip
,2017-12,http://aisdata.ais.dk/2017/aisdk-2017-12.zip
,2018-01,http://aisdata.ais.dk/2018/aisdk-2018-01.zip
,2018-03,http://aisdata.ais.dk/2018/aisdk-2018-03.zip
,2018-02,http://aisdata.ais.dk/2018/aisdk-2018-02.zip
,2018-05,http://aisdata.ais.dk/2018/aisdk-2018-05.zip
,2018-04,http://aisdata.ais.dk/2018/aisdk-2018-04.zip
,2018-07,http://aisdata.ais.dk/2018/aisdk-2018-07.zip
,2018-09,http://aisdata.ais.dk/2018/aisdk-2018-09.zip
,2018-06,http://aisdata.ais.dk/2018/aisdk-2018-06.zip
,2018-08,http://aisdata.ais.dk/2018/aisdk-2018-08.zip
,2018-11,http://aisdata.ais.dk/2018/aisdk-2018-11.zip
,2019-01,http://aisdata.ais.dk/2019/aisdk-2019-01.zip
,2018-10,http://aisdata.ais.dk/2018/aisdk-2018-10.zip
,2019-04,http://aisdata.ais.dk/2019/aisdk-2019-04.zip
,2019-02,http://aisdata.ais.dk/2019/aisdk-2019-02.zip
,2019-06,http://aisdata.ais.dk/2019/aisdk-2019-06.zip
,2019-03,http://aisdata.ais.dk/2019/aisdk-2019-03.zip
,2019-05,http://aisdata.ais.dk/2019/aisdk-2019-05.zip
,2019-09,http://aisdata.ais.dk/2019/aisdk-2019-09.zip
,2019-08,http://aisdata.ais.dk/2019/aisdk-2019-08.zip
,2019-07,http://aisdata.ais.dk/2019/aisdk-2019-07.zip
,2019-11,http://aisdata.ais.dk/2019/aisdk-2019-11.zip
,2019-10,http://aisdata.ais.dk/2019/aisdk-2019-10.zip
,2020-03,http://aisdata.ais.dk/2020/aisdk-2020-03.zip
,2020-02,http://aisdata.ais.dk/2020/aisdk-2020-02.zip
,2020-05,http://aisdata.ais.dk/2020/aisdk-2020-05.zip
,2020-06,http://aisdata.ais.dk/2020/aisdk-2020-06.zip
,2020-04,http://aisdata.ais.dk/2020/aisdk-2020-04.zip
,2019-12,http://aisdata.ais.dk/2019/aisdk-2019-12.zip
,2020-11,http://aisdata.ais.dk/2020/aisdk-2020-11.zip
,2020-09,http://aisdata.ais.dk/2020/aisdk-2020-09.zip
,2020-07,http://aisdata.ais.dk/2020/aisdk-2020-07.zip
,2021-01,http://aisdata.ais.dk/2021/aisdk-2021-01.zip
,2020-08,http://aisdata.ais.dk/2020/aisdk-2020-08.zip
,2020-12,http://aisdata.ais.dk/2020/aisdk-2020-12.zip
,2021-03,http://aisdata.ais.dk/2021/aisdk-2021-03.zip
,2021-02,http://aisdata.ais.dk/2021/aisdk-2021-02.zip
,2021-05,http://aisdata.ais.dk/2021/aisdk-2021-05.zip
,2021-04,http://aisdata.ais.dk/2021/aisdk-2021-04.zip
,2021-06,http://aisdata.ais.dk/2021/aisdk-2021-06.zip
,2021-08,http://aisdata.ais.dk/2021/aisdk-2021-08.zip
,2021-10,http://aisdata.ais.dk/2021/aisdk-2021-10.zip
,2021-07,http://aisdata.ais.dk/2021/aisdk-2021-07.zip
,2021-09,http://aisdata.ais.dk/2021/aisdk-2021-09.zip
,2021-12,http://aisdata.ais.dk/2021/aisdk-2021-12.zip
,2021-11,http://aisdata.ais.dk/2021/aisdk-2021-11.zip
,2022-01,http://aisdata.ais.dk/2022/aisdk-2022-01.zip
,2022-03,http://aisdata.ais.dk/2022/aisdk-2022-03.zip
,2022-05,http://aisdata.ais.dk/2022/aisdk-2022-05.zip
,2022-02,http://aisdata.ais.dk/2022/aisdk-2022-02.zip
,2022-04,http://aisdata.ais.dk/2022/aisdk-2022-04.zip
,2022-07,http://aisdata.ais.dk/2022/aisdk-2022-07.zip
,2022-09,http://aisdata.ais.dk/2022/aisdk-2022-09.zip
,2022-06,http://aisdata.ais.dk/2022/aisdk-2022-06.zip
,2022-08,http://aisdata.ais.dk/2022/aisdk-2022-08.zip
,2022-11,http://aisdata.ais.dk/2022/aisdk-2022-11.zip
,2022-10,http://aisdata.ais.dk/2022/aisdk-2022-10.zip
,2023-01,http://aisdata.ais.dk/2023/aisdk-2023-01.zip
,2022-12,http://aisdata.ais.dk/2022/aisdk-2022-12.zip
,2023-03,http://aisdata.ais.dk/2023/aisdk-2023-03.zip
,2023-05,http://aisdata.ais.dk/2023/aisdk-2023-05.zip
,2023-04,http://aisdata.ais.dk/2023/aisdk-2023-04.zip
,2023-06,http://aisdata.ais.dk/2023/aisdk-2023-06.zip
,2023-07,http://aisdata.ais.dk/2023/aisdk-2023-07.zip
,2023-08,http://aisdata.ais.dk/2023/aisdk-2023-08.zip
,2023-02,http://aisdata.ais.dk/2023/aisdk-2023-02.zip
,2023-10,http://aisdata.ais.dk/2023/aisdk-2023-10.zip
,2023-11,http://aisdata.ais.dk/2023/aisdk-2023-11.zip
,2024-02,http://aisdata.ais.dk/2024/aisdk-2024-02.zip
,2023-12,http://aisdata.ais.dk/2023/aisdk-2023-12.zip
,2023-09,http://aisdata.ais.dk/2023/aisdk-2023-09.zip
2024-04-09,2024-04,http://aisdata.ais.dk/2024/aisdk-2024-04-09.zip
2024-04-10,2024-04,http://aisdata.ais.dk/2024/aisdk-2024-04-10.zip
2024-04-11,2024-04,http://aisdata.ais.dk/2024/aisdk-2024-04-11.zip
2024-04-12,2024-04,http://aisdata.ais.dk/2024/aisdk-2024-04-12.zip
2024-04-13,2024-04,http://aisdata.ais.dk/2024/aisdk-2024-04-13.zip
2024-04-14,2024-04,http://aisdata.ais.dk/2024/aisdk-2024-04-14.zip
2024-04-15,2024-04,http://aisdata.ais.dk/2024/aisdk-2024-04-15.zip
2024-04-16,2024-04,http://aisdata.ais.dk/2024/aisdk-2024-04-16.zip
2024-04-17,2024-04,http://aisdata.ais.dk/2024/aisdk-2024-04-17.zip
2024-04-18,2024-04,http://aisdata.ais.dk/2024/aisdk-2024-04-18.zip
2024-04-19,2024-04,http://aisdata.ais.dk/2024/aisdk-2024-04-19.zip
2024-03-01,2024-03,http://aisdata.ais.dk/2024/aisdk-2024-03-01.zip
2024-04-21,2024-04,http://aisdata.ais.dk/2024/aisdk-2024-04-21.zip
2024-04-20,2024-04,http://aisdata.ais.dk/2024/aisdk-2024-04-20.zip
2024-03-02,2024-03,http://aisdata.ais.dk/2024/aisdk-2024-03-02.zip
2024-04-22,2024-04,http://aisdata.ais.dk/2024/aisdk-2024-04-22.zip
2024-03-04,2024-03,http://aisdata.ais.dk/2024/aisdk-2024-03-04.zip
2024-03-03,2024-03,http://aisdata.ais.dk/2024/aisdk-2024-03-03.zip
2024-03-05,2024-03,http://aisdata.ais.dk/2024/aisdk-2024-03-05.zip
2024-03-06,2024-03,http://aisdata.ais.dk/2024/aisdk-2024-03-06.zip
2024-04-24,2024-04,http://aisdata.ais.dk/2024/aisdk-2024-04-24.zip
2024-04-23,2024-04,http://aisdata.ais.dk/2024/aisdk-2024-04-23.zip
2024-03-09,2024-03,http://aisdata.ais.dk/2024/aisdk-2024-03-09.zip
2024-03-10,2024-03,http://aisdata.ais.dk/2024/aisdk-2024-03-10.zip
2024-03-07,2024-03,http://aisdata.ais.dk/2024/aisdk-2024-03-07.zip
2024-03-08,2024-03,http://aisdata.ais.dk/2024/aisdk-2024-03-08.zip
2024-03-14,2024-03,http://aisdata.ais.dk/2024/aisdk-2024-03-14.zip
2024-03-13,2024-03,http://aisdata.ais.dk/2024/aisdk-2024-03-13.zip
2024-04-25,2024-04,http://aisdata.ais.dk/2024/aisdk-2024-04-25.zip
2024-03-11,2024-03,http://aisdata.ais.dk/2024/aisdk-2024-03-11.zip
2024-03-15,2024-03,http://aisdata.ais.dk/2024/aisdk-2024-03-15.zip
2024-04-26,2024-04,http://aisdata.ais.dk/2024/aisdk-2024-04-26.zip
2024-04-27,2024-04,http://aisdata.ais.dk/2024/aisdk-2024-04-27.zip
2024-04-28,2024-04,http://aisdata.ais.dk/2024/aisdk-2024-04-28.zip
2024-03-12,2024-03,http://aisdata.ais.dk/2024/aisdk-2024-03-12.zip
2024-04-29,2024-04,http://aisdata.ais.dk/2024/aisdk-2024-04-29.zip
2024-04-30,2024-04,http://aisdata.ais.dk/2024/aisdk-2024-04-30.zip
2024-03-20,2024-03,http://aisdata.ais.dk/2024/aisdk-2024-03-20.zip
2024-05-01,2024-05,http://aisdata.ais.dk/2024/aisdk-2024-05-01.zip
2024-05-02,2024-05,http://aisdata.ais.dk/2024/aisdk-2024-05-02.zip
2024-05-03,2024-05,http://aisdata.ais.dk/2024/aisdk-2024-05-03.zip
2024-03-22,2024-03,http://aisdata.ais.dk/2024/aisdk-2024-03-22.zip
2024-05-04,2024-05,http://aisdata.ais.dk/2024/aisdk-2024-05-04.zip
2024-03-18,2024-03,http://aisdata.ais.dk/2024/aisdk-2024-03-18.zip
2024-03-17,2024-03,http://aisdata.ais.dk/2024/aisdk-2024-03-17.zip
2024-03-23,2024-03,http://aisdata.ais.dk/2024/aisdk-2024-03-23.zip
2024-05-05,2024-05,http://aisdata.ais.dk/2024/aisdk-2024-05-05.zip
2024-03-19,2024-03,http://aisdata.ais.dk/2024/aisdk-2024-03-19.zip
2024-03-16,2024-03,http://aisdata.ais.dk/2024/aisdk-2024-03-16.zip
2024-03-24,2024-03,http://aisdata.ais.dk/2024/aisdk-2024-03-24.zip
2024-05-06,2024-05,http://aisdata.ais.dk/2024/aisdk-2024-05-06.zip
2024-03-25,2024-03,http://aisdata.ais.dk/2024/aisdk-2024-03-25.zip
2024-05-23,2024-05,http://aisdata.ais.dk/2024/aisdk-2024-05-23.zip
2024-06-23,2024-06,http://aisdata.ais.dk/2024/aisdk-2024-06-23.zip
2024-06-24,2024-06,http://aisdata.ais.dk/2024/aisdk-2024-06-24.zip
2024-06-25,2024-06,http://aisdata.ais.dk/2024/aisdk-2024-06-25.zip
2024-06-26,2024-06,http://aisdata.ais.dk/2024/aisdk-2024-06-26.zip
2024-03-21,2024-03,http://aisdata.ais.dk/2024/aisdk-2024-03-21.zip
2024-03-28,2024-03,http://aisdata.ais.dk/2024/aisdk-2024-03-28.zip
2024-06-27,2024-06,http://aisdata.ais.dk/2024/aisdk-2024-06-27.zip
2024-06-28,2024-06,http://aisdata.ais.dk/2024/aisdk-2024-06-28.zip
2024-06-29,2024-06,http://aisdata.ais.dk/2024/aisdk-2024-06-29.zip
2024-05-07,2024-05,http://aisdata.ais.dk/2024/aisdk-2024-05-07.zip
2024-05-08,2024-05,http://aisdata.ais.dk/2024/aisdk-2024-05-08.zip
2024-03-30,2024-03,http://aisdata.ais.dk/2024/aisdk-2024-03-30.zip
2024-03-29,2024-03,http://aisdata.ais.dk/2024/aisdk-2024-03-29.zip
2024-06-30,2024-06,http://aisdata.ais.dk/2024/aisdk-2024-06-30.zip
2024-05-10,2024-05,http://aisdata.ais.dk/2024/aisdk-2024-05-10.zip
2024-05-09,2024-05,http://aisdata.ais.dk/2024/aisdk-2024-05-09.zip
2024-05-11,2024-05,http://aisdata.ais.dk/2024/aisdk-2024-05-11.zip
2024-03-31,2024-03,http://aisdata.ais.dk/2024/aisdk-2024-03-31.zip
2024-05-12,2024-05,http://aisdata.ais.dk/2024/aisdk-2024-05-12.zip
2024-04-01,2024-04,http://aisdata.ais.dk/2024/aisdk-2024-04-01.zip
2024-04-02,2024-04,http://aisdata.ais.dk/2024/aisdk-2024-04-02.zip
2024-07-01,2024-07,http://aisdata.ais.dk/2024/aisdk-2024-07-01.zip
2024-07-02,2024-07,http://aisdata.ais.dk/2024/aisdk-2024-07-02.zip
2024-07-03,2024-07,http://aisdata.ais.dk/2024/aisdk-2024-07-03.zip
2024-05-13,2024-05,http://aisdata.ais.dk/2024/aisdk-2024-05-13.zip
2024-04-03,2024-04,http://aisdata.ais.dk/2024/aisdk-2024-04-03.zip
2024-07-04,2024-07,http://aisdata.ais.dk/2024/aisdk-2024-07-04.zip
2024-04-04,2024-04,http://aisdata.ais.dk/2024/aisdk-2024-04-04.zip
2024-03-26,2024-03,http://aisdata.ais.dk/2024/aisdk-2024-03-26.zip
2024-07-06,2024-07,http://aisdata.ais.dk/2024/aisdk-2024-07-06.zip
2024-07-07,2024-07,http://aisdata.ais.dk/2024/aisdk-2024-07-07.zip
2024-07-05,2024-07,http://aisdata.ais.dk/2024/aisdk-2024-07-05.zip
2024-07-08,2024-07,http://aisdata.ais.dk/2024/aisdk-2024-07-08.zip
,2024-01,http://aisdata.ais.dk/2024/aisdk-2024-01.zip
2024-05-14,2024-05,http://aisdata.ais.dk/2024/aisdk-2024-05-14.zip
2024-07-09,2024-07,http://aisdata.ais.dk/2024/aisdk-2024-07-09.zip
2024-05-15,2024-05,http://aisdata.ais.dk/2024/aisdk-2024-05-15.zip
2024-07-10,2024-07,http://aisdata.ais.dk/2024/aisdk-2024-07-10.zip
2024-07-12,2024-07,http://aisdata.ais.dk/2024/aisdk-2024-07-12.zip
2024-07-11,2024-07,http://aisdata.ais.dk/2024/aisdk-2024-07-11.zip
2024-07-13,2024-07,http://aisdata.ais.dk/2024/aisdk-2024-07-13.zip
2024-03-27,2024-03,http://aisdata.ais.dk/2024/aisdk-2024-03-27.zip
2024-05-16,2024-05,http://aisdata.ais.dk/2024/aisdk-2024-05-16.zip
2024-05-17,2024-05,http://aisdata.ais.dk/2024/aisdk-2024-05-17.zip
2024-07-14,2024-07,http://aisdata.ais.dk/2024/aisdk-2024-07-14.zip
2024-07-15,2024-07,http://aisdata.ais.dk/2024/aisdk-2024-07-15.zip
2024-07-16,2024-07,http://aisdata.ais.dk/2024/aisdk-2024-07-16.zip
2024-07-17,2024-07,http://aisdata.ais.dk/2024/aisdk-2024-07-17.zip
2024-05-18,2024-05,http://aisdata.ais.dk/2024/aisdk-2024-05-18.zip
2024-07-18,2024-07,http://aisdata.ais.dk/2024/aisdk-2024-07-18.zip
2024-05-20,2024-05,http://aisdata.ais.dk/2024/aisdk-2024-05-20.zip
2024-07-19,2024-07,http://aisdata.ais.dk/2024/aisdk-2024-07-19.zip
2024-05-19,2024-05,http://aisdata.ais.dk/2024/aisdk-2024-05-19.zip
2024-07-20,2024-07,http://aisdata.ais.dk/2024/aisdk-2024-07-20.zip
2024-06-13,2024-06,http://aisdata.ais.dk/2024/aisdk-2024-06-13.zip
2024-07-30,2024-07,http://aisdata.ais.dk/2024/aisdk-2024-07-30.zip
2024-09-10,2024-09,http://aisdata.ais.dk/2024/aisdk-2024-09-10.zip
2024-05-30,2024-05,http://aisdata.ais.dk/2024/aisdk-2024-05-30.zip
2024-05-26,2024-05,http://aisdata.ais.dk/2024/aisdk-2024-05-26.zip
2024-09-11,2024-09,http://aisdata.ais.dk/2024/aisdk-2024-09-11.zip
2024-09-12,2024-09,http://aisdata.ais.dk/2024/aisdk-2024-09-12.zip
2024-09-13,2024-09,http://aisdata.ais.dk/2024/aisdk-2024-09-13.zip
2024-07-31,2024-07,http://aisdata.ais.dk/2024/aisdk-2024-07-31.zip
2024-05-31,2024-05,http://aisdata.ais.dk/2024/aisdk-2024-05-31.zip
2024-05-27,2024-05,http://aisdata.ais.dk/2024/aisdk-2024-05-27.zip
2024-09-14,2024-09,http://aisdata.ais.dk/2024/aisdk-2024-09-14.zip
2024-09-15,2024-09,http://aisdata.ais.dk/2024/aisdk-2024-09-15.zip
2024-09-16,2024-09,http://aisdata.ais.dk/2024/aisdk-2024-09-16.zip
2024-06-01,2024-06,http://aisdata.ais.dk/2024/aisdk-2024-06-01.zip
2024-09-17,2024-09,http://aisdata.ais.dk/2024/aisdk-2024-09-17.zip
2024-06-02,2024-06,http://aisdata.ais.dk/2024/aisdk-2024-06-02.zip
2024-06-03,2024-06,http://aisdata.ais.dk/2024/aisdk-2024-06-03.zip
2024-09-18,2024-09,http://aisdata.ais.dk/2024/aisdk-2024-09-18.zip
2024-06-04,2024-06,http://aisdata.ais.dk/2024/aisdk-2024-06-04.zip
2024-06-05,2024-06,http://aisdata.ais.dk/2024/aisdk-2024-06-05.zip
2024-08-02,2024-08,http://aisdata.ais.dk/2024/aisdk-2024-08-02.zip
2024-08-03,2024-08,http://aisdata.ais.dk/2024/aisdk-2024-08-03.zip
2024-06-06,2024-06,http://aisdata.ais.dk/2024/aisdk-2024-06-06.zip
2024-05-28,2024-05,http://aisdata.ais.dk/2024/aisdk-2024-05-28.zip
2024-05-24,2024-05,http://aisdata.ais.dk/2024/aisdk-2024-05-24.zip
2024-09-19,2024-09,http://aisdata.ais.dk/2024/aisdk-2024-09-19.zip
2024-07-24,2024-07,http://aisdata.ais.dk/2024/aisdk-2024-07-24.zip
2024-05-29,2024-05,http://aisdata.ais.dk/2024/aisdk-2024-05-29.zip
2024-06-07,2024-06,http://aisdata.ais.dk/2024/aisdk-2024-06-07.zip
2024-09-20,2024-09,http://aisdata.ais.dk/2024/aisdk-2024-09-20.zip
2024-08-04,2024-08,http://aisdata.ais.dk/2024/aisdk-2024-08-04.zip
2024-06-09,2024-06,http://aisdata.ais.dk/2024/aisdk-2024-06-09.zip
2024-06-10,2024-06,http://aisdata.ais.dk/2024/aisdk-2024-06-10.zip
2024-06-11,2024-06,http://aisdata.ais.dk/2024/aisdk-2024-06-11.zip
2024-09-21,2024-09,http://aisdata.ais.dk/2024/aisdk-2024-09-21.zip
2024-08-05,2024-08,http://aisdata.ais.dk/2024/aisdk-2024-08-05.zip
2024-08-01,2024-08,http://aisdata.ais.dk/2024/aisdk-2024-08-01.zip
2024-05-25,2024-05,http://aisdata.ais.dk/2024/aisdk-2024-05-25.zip
2024-09-22,2024-09,http://aisdata.ais.dk/2024/aisdk-2024-09-22.zip
2024-08-06,2024-08,http://aisdata.ais.dk/2024/aisdk-2024-08-06.zip
2024-09-23,2024-09,http://aisdata.ais.dk/2024/aisdk-2024-09-23.zip
2024-09-24,2024-09,http://aisdata.ais.dk/2024/aisdk-2024-09-24.zip
2024-05-21,2024-05,http://aisdata.ais.dk/2024/aisdk-2024-05-21.zip
2024-09-25,2024-09,http://aisdata.ais.dk/2024/aisdk-2024-09-25.zip
2024-08-07,2024-08,http://aisdata.ais.dk/2024/aisdk-2024-08-07.zip
2024-09-26,2024-09,http://aisdata.ais.dk/2024/aisdk-2024-09-26.zip
2024-08-08,2024-08,http://aisdata.ais.dk/2024/aisdk-2024-08-08.zip
2024-09-27,2024-09,http://aisdata.ais.dk/2024/aisdk-2024-09-27.zip
2024-08-30,2024-08,http://aisdata.ais.dk/2024/aisdk-2024-08-30.zip
2024-09-02,2024-09,http://aisdata.ais.dk/2024/aisdk-2024-09-02.zip
2024-08-09,2024-08,http://aisdata.ais.dk/2024/aisdk-2024-08-09.zip
2024-09-01,2024-09,http://aisdata.ais.dk/2024/aisdk-2024-09-01.zip
2024-08-10,2024-08,http://aisdata.ais.dk/2024/aisdk-2024-08-10.zip
2024-11-07,2024-11,http://aisdata.ais.dk/2024/aisdk-2024-11-07.zip
2024-08-11,2024-08,http://aisdata.ais.dk/2024/aisdk-2024-08-11.zip
2024-11-08,2024-11,http://aisdata.ais.dk/2024/aisdk-2024-11-08.zip
2024-08-12,2024-08,http://aisdata.ais.dk/2024/aisdk-2024-08-12.zip
2024-08-13,2024-08,http://aisdata.ais.dk/2024/aisdk-2024-08-13.zip
2024-11-10,2024-11,http://aisdata.ais.dk/2024/aisdk-2024-11-10.zip
2024-11-11,2024-11,http://aisdata.ais.dk/2024/aisdk-2024-11-11.zip
2024-08-14,2024-08,http://aisdata.ais.dk/2024/aisdk-2024-08-14.zip
2024-11-09,2024-11,http://aisdata.ais.dk/2024/aisdk-2024-11-09.zip
2024-11-12,2024-11,http://aisdata.ais.dk/2024/aisdk-2024-11-12.zip
2024-08-15,2024-08,http://aisdata.ais.dk/2024/aisdk-2024-08-15.zip
2024-08-17,2024-08,http://aisdata.ais.dk/2024/aisdk-2024-08-17.zip
2024-08-16,2024-08,http://aisdata.ais.dk/2024/aisdk-2024-08-16.zip
2024-08-18,2024-08,http://aisdata.ais.dk/2024/aisdk-2024-08-18.zip
2024-11-13,2024-11,http://aisdata.ais.dk/2024/aisdk-2024-11-13.zip
2024-08-19,2024-08,http://aisdata.ais.dk/2024/aisdk-2024-08-19.zip
2024-08-21,2024-08,http://aisdata.ais.dk/2024/aisdk-2024-08-21.zip
2024-07-27,2024-07,http://aisdata.ais.dk/2024/aisdk-2024-07-27.zip
2024-11-14,2024-11,http://aisdata.ais.dk/2024/aisdk-2024-11-14.zip
2024-07-25,2024-07,http://aisdata.ais.dk/2024/aisdk-2024-07-25.zip
2024-07-26,2024-07,http://aisdata.ais.dk/2024/aisdk-2024-07-26.zip
2024-08-23,2024-08,http://aisdata.ais.dk/2024/aisdk-2024-08-23.zip
2024-08-22,2024-08,http://aisdata.ais.dk/2024/aisdk-2024-08-22.zip
2024-08-24,2024-08,http://aisdata.ais.dk/2024/aisdk-2024-08-24.zip
2024-07-29,2024-07,http://aisdata.ais.dk/2024/aisdk-2024-07-29.zip
2024-08-25,2024-08,http://aisdata.ais.dk/2024/aisdk-2024-08-25.zip
2024-11-15,2024-11,http://aisdata.ais.dk/2024/aisdk-2024-11-15.zip
2024-07-28,2024-07,http://aisdata.ais.dk/2024/aisdk-2024-07-28.zip
2024-11-16,2024-11,http://aisdata.ais.dk/2024/aisdk-2024-11-16.zip
2024-11-17,2024-11,http://aisdata.ais.dk/2024/aisdk-2024-11-17.zip
2024-11-18,2024-11,http://aisdata.ais.dk/2024/aisdk-2024-11-18.zip
2024-11-19,2024-11,http://aisdata.ais.dk/2024/aisdk-2024-11-19.zip
2024-09-28,2024-09,http://aisdata.ais.dk/2024/aisdk-2024-09-28.zip
2024-08-26,2024-08,http://aisdata.ais.dk/2024/aisdk-2024-08-26.zip
2024-11-20,2024-11,http://aisdata.ais.dk/2024/aisdk-2024-11-20.zip
2024-11-21,2024-11,http://aisdata.ais.dk/2024/aisdk-2024-11-21.zip
2024-08-27,2024-08,http://aisdata.ais.dk/2024/aisdk-2024-08-27.zip
2024-11-22,2024-11,http://aisdata.ais.dk/2024/aisdk-2024-11-22.zip
2024-08-28,2024-08,http://aisdata.ais.dk/2024/aisdk-2024-08-28.zip
2024-11-23,2024-11,http://aisdata.ais.dk/2024/aisdk-2024-11-23.zip
2024-08-20,2024-08,http://aisdata.ais.dk/2024/aisdk-2024-08-20.zip
2024-08-29,2024-08,http://aisdata.ais.dk/2024/aisdk-2024-08-29.zip
2024-04-05,2024-04,http://aisdata.ais.dk/2024/aisdk-2024-04-05.zip
2024-09-29,2024-09,http://aisdata.ais.dk/2024/aisdk-2024-09-29.zip
2024-04-06,2024-04,http://aisdata.ais.dk/2024/aisdk-2024-04-06.zip
2024-09-30,2024-09,http://aisdata.ais.dk/2024/aisdk-2024-09-30.zip
2024-10-01,2024-10,http://aisdata.ais.dk/2024/aisdk-2024-10-01.zip
2024-10-02,2024-10,http://aisdata.ais.dk/2024/aisdk-2024-10-02.zip
2024-10-04,2024-10,http://aisdata.ais.dk/2024/aisdk-2024-10-04.zip
2024-10-03,2024-10,http://aisdata.ais.dk/2024/aisdk-2024-10-03.zip
2024-11-24,2024-11,http://aisdata.ais.dk/2024/aisdk-2024-11-24.zip
2024-04-07,2024-04,http://aisdata.ais.dk/2024/aisdk-2024-04-07.zip
2024-10-06,2024-10,http://aisdata.ais.dk/2024/aisdk-2024-10-06.zip
2024-10-08,2024-10,http://aisdata.ais.dk/2024/aisdk-2024-10-08.zip
2024-10-09,2024-10,http://aisdata.ais.dk/2024/aisdk-2024-10-09.zip
2024-10-07,2024-10,http://aisdata.ais.dk/2024/aisdk-2024-10-07.zip
2024-11-26,2024-11,http://aisdata.ais.dk/2024/aisdk-2024-11-26.zip
2024-10-10,2024-10,http://aisdata.ais.dk/2024/aisdk-2024-10-10.zip
2024-10-05,2024-10,http://aisdata.ais.dk/2024/aisdk-2024-10-05.zip
2024-11-25,2024-11,http://aisdata.ais.dk/2024/aisdk-2024-11-25.zip
2024-11-27,2024-11,http://aisdata.ais.dk/2024/aisdk-2024-11-27.zip
2024-10-11,2024-10,http://aisdata.ais.dk/2024/aisdk-2024-10-11.zip
2024-04-08,2024-04,http://aisdata.ais.dk/2024/aisdk-2024-04-08.zip
2024-10-13,2024-10,http://aisdata.ais.dk/2024/aisdk-2024-10-13.zip
2024-10-16,2024-10,http://aisdata.ais.dk/2024/aisdk-2024-10-16.zip
2024-10-15,2024-10,http://aisdata.ais.dk/2024/aisdk-2024-10-15.zip
2024-10-12,2024-10,http://aisdata.ais.dk/2024/aisdk-2024-10-12.zip
2024-10-17,2024-10,http://aisdata.ais.dk/2024/aisdk-2024-10-17.zip
2024-10-14,2024-10,http://aisdata.ais.dk/2024/aisdk-2024-10-14.zip
2024-10-20,2024-10,http://aisdata.ais.dk/2024/aisdk-2024-10-20.zip
2024-11-28,2024-11,http://aisdata.ais.dk/2024/aisdk-2024-11-28.zip
2024-10-18,2024-10,http://aisdata.ais.dk/2024/aisdk-2024-10-18.zip
2024-10-21,2024-10,http://aisdata.ais.dk/2024/aisdk-2024-10-21.zip
2024-11-29,2024-11,http://aisdata.ais.dk/2024/aisdk-2024-11-29.zip
2024-11-30,2024-11,http://aisdata.ais.dk/2024/aisdk-2024-11-30.zip
2024-12-01,2024-12,http://aisdata.ais.dk/2024/aisdk-2024-12-01.zip
2024-10-19,2024-10,http://aisdata.ais.dk/2024/aisdk-2024-10-19.zip
2024-12-23,2024-12,http://aisdata.ais.dk/2024/aisdk-2024-12-23.zip
2025-01-28,2025-01,http://aisdata.ais.dk/2025/aisdk-2025-01-28.zip
2025-01-29,2025-01,http://aisdata.ais.dk/2025/aisdk-2025-01-29.zip
2024-12-07,2024-12,http://aisdata.ais.dk/2024/aisdk-2024-12-07.zip
2024-12-06,2024-12,http://aisdata.ais.dk/2024/aisdk-2024-12-06.zip
2024-10-28,2024-10,http://aisdata.ais.dk/2024/aisdk-2024-10-28.zip
2024-12-08,2024-12,http://aisdata.ais.dk/2024/aisdk-2024-12-08.zip
2024-06-16,2024-06,http://aisdata.ais.dk/2024/aisdk-2024-06-16.zip
2024-12-09,2024-12,http://aisdata.ais.dk/2024/aisdk-2024-12-09.zip
2024-06-17,2024-06,http://aisdata.ais.dk/2024/aisdk-2024-06-17.zip
2024-10-29,2024-10,http://aisdata.ais.dk/2024/aisdk-2024-10-29.zip
2024-06-18,2024-06,http://aisdata.ais.dk/2024/aisdk-2024-06-18.zip
2025-01-30,2025-01,http://aisdata.ais.dk/2025/aisdk-2025-01-30.zip
2024-06-19,2024-06,http://aisdata.ais.dk/2024/aisdk-2024-06-19.zip
2024-06-20,2024-06,http://aisdata.ais.dk/2024/aisdk-2024-06-20.zip
2024-06-21,2024-06,http://aisdata.ais.dk/2024/aisdk-2024-06-21.zip
2025-01-31,2025-01,http://aisdata.ais.dk/2025/aisdk-2025-01-31.zip
2024-12-24,2024-12,http://aisdata.ais.dk/2024/aisdk-2024-12-24.zip
2024-12-25,2024-12,http://aisdata.ais.dk/2024/aisdk-2024-12-25.zip
2024-12-26,2024-12,http://aisdata.ais.dk/2024/aisdk-2024-12-26.zip
2024-10-30,2024-10,http://aisdata.ais.dk/2024/aisdk-2024-10-30.zip
2025-02-01,2025-02,http://aisdata.ais.dk/2025/aisdk-2025-02-01.zip
2024-06-22,2024-06,http://aisdata.ais.dk/2024/aisdk-2024-06-22.zip
2025-02-02,2025-02,http://aisdata.ais.dk/2025/aisdk-2025-02-02.zip
2024-12-27,2024-12,http://aisdata.ais.dk/2024/aisdk-2024-12-27.zip
2025-02-03,2025-02,http://aisdata.ais.dk/2025/aisdk-2025-02-03.zip
2024-12-29,2024-12,http://aisdata.ais.dk/2024/aisdk-2024-12-29.zip
2024-12-30,2024-12,http://aisdata.ais.dk/2024/aisdk-2024-12-30.zip
2024-12-28,2024-12,http://aisdata.ais.dk/2024/aisdk-2024-12-28.zip
2025-02-04,2025-02,http://aisdata.ais.dk/2025/aisdk-2025-02-04.zip
2025-02-05,2025-02,http://aisdata.ais.dk/2025/aisdk-2025-02-05.zip
2024-12-31,2024-12,http://aisdata.ais.dk/2024/aisdk-2024-12-31.zip
2024-10-31,2024-10,http://aisdata.ais.dk/2024/aisdk-2024-10-31.zip
2024-12-11,2024-12,http://aisdata.ais.dk/2024/aisdk-2024-12-11.zip
2025-02-06,2025-02,http://aisdata.ais.dk/2025/aisdk-2025-02-06.zip
2024-12-10,2024-12,http://aisdata.ais.dk/2024/aisdk-2024-12-10.zip
2025-01-01,2025-01,http://aisdata.ais.dk/2025/aisdk-2025-01-01.zip
2025-02-08,2025-02,http://aisdata.ais.dk/2025/aisdk-2025-02-08.zip
2025-02-07,2025-02,http://aisdata.ais.dk/2025/aisdk-2025-02-07.zip
2025-01-02,2025-01,http://aisdata.ais.dk/2025/aisdk-2025-01-02.zip
2025-01-03,2025-01,http://aisdata.ais.dk/2025/aisdk-2025-01-03.zip
2024-12-12,2024-12,http://aisdata.ais.dk/2024/aisdk-2024-12-12.zip
2024-07-22,2024-07,http://aisdata.ais.dk/2024/aisdk-2024-07-22.zip
2025-02-09,2025-02,http://aisdata.ais.dk/2025/aisdk-2025-02-09.zip
2025-01-04,2025-01,http://aisdata.ais.dk/2025/aisdk-2025-01-04.zip
2025-01-05,2025-01,http://aisdata.ais.dk/2025/aisdk-2025-01-05.zip
2025-02-10,2025-02,http://aisdata.ais.dk/2025/aisdk-2025-02-10.zip
2024-07-23,2024-07,http://aisdata.ais.dk/2024/aisdk-2024-07-23.zip
2025-01-06,2025-01,http://aisdata.ais.dk/2025/aisdk-2025-01-06.zip
2024-07-21,2024-07,http://aisdata.ais.dk/2024/aisdk-2024-07-21.zip
2025-02-11,2025-02,http://aisdata.ais.dk/2025/aisdk-2025-02-11.zip
2025-01-07,2025-01,http://aisdata.ais.dk/2025/aisdk-2025-01-07.zip
2025-02-12,2025-02,http://aisdata.ais.dk/2025/aisdk-2025-02-12.zip
2024-12-13,2024-12,http://aisdata.ais.dk/2024/aisdk-2024-12-13.zip
2025-01-08,2025-01,http://aisdata.ais.dk/2025/aisdk-2025-01-08.zip
2025-01-10,2025-01,http://aisdata.ais.dk/2025/aisdk-2025-01-10.zip
2024-12-14,2024-12,http://aisdata.ais.dk/2024/aisdk-2024-12-14.zip
2025-01-11,2025-01,http://aisdata.ais.dk/2025/aisdk-2025-01-11.zip
2024-12-15,2024-12,http://aisdata.ais.dk/2024/aisdk-2024-12-15.zip
2025-02-13,2025-02,http://aisdata.ais.dk/2025/aisdk-2025-02-13.zip
2025-02-14,2025-02,http://aisdata.ais.dk/2025/aisdk-2025-02-14.zip
2024-12-03,2024-12,http://aisdata.ais.dk/2024/aisdk-2024-12-03.zip
2024-12-02,2024-12,http://aisdata.ais.dk/2024/aisdk-2024-12-02.zip
2025-02-15,2025-02,http://aisdata.ais.dk/2025/aisdk-2025-02-15.zip
2025-02-16,2025-02,http://aisdata.ais.dk/2025/aisdk-2025-02-16.zip
2025-01-12,2025-01,http://aisdata.ais.dk/2025/aisdk-2025-01-12.zip
2024-12-22,2024-12,http://aisdata.ais.dk/2024/aisdk-2024-12-22.zip
2025-01-13,2025-01,http://aisdata.ais.dk/2025/aisdk-2025-01-13.zip
2025-01-14,2025-01,http://aisdata.ais.dk/2025/aisdk-2025-01-14.zip
2024-10-22,2024-10,http://aisdata.ais.dk/2024/aisdk-2024-10-22.zip
2024-10-23,2024-10,http://aisdata.ais.dk/2024/aisdk-2024-10-23.zip
2025-01-09,2025-01,http://aisdata.ais.dk/2025/aisdk-2025-01-09.zip
2024-10-24,2024-10,http://aisdata.ais.dk/2024/aisdk-2024-10-24.zip
2024-10-25,2024-10,http://aisdata.ais.dk/2024/aisdk-2024-10-25.zip
2025-01-15,2025-01,http://aisdata.ais.dk/2025/aisdk-2025-01-15.zip
2024-08-31,2024-08,http://aisdata.ais.dk/2024/aisdk-2024-08-31.zip
2025-01-16,2025-01,http://aisdata.ais.dk/2025/aisdk-2025-01-16.zip
2024-10-27,2024-10,http://aisdata.ais.dk/2024/aisdk-2024-10-27.zip
2024-10-26,2024-10,http://aisdata.ais.dk/2024/aisdk-2024-10-26.zip
2025-01-17,2025-01,http://aisdata.ais.dk/2025/aisdk-2025-01-17.zip
2025-01-18,2025-01,http://aisdata.ais.dk/2025/aisdk-2025-01-18.zip
2025-01-19,2025-01,http://aisdata.ais.dk/2025/aisdk-2025-01-19.zip
2025-01-22,2025-01,http://aisdata.ais.dk/2025/aisdk-2025-01-22.zip
2025-01-23,2025-01,http://aisdata.ais.dk/2025/aisdk-2025-01-23.zip
2025-01-21,2025-01,http://aisdata.ais.dk/2025/aisdk-2025-01-21.zip
2025-01-20,2025-01,http://aisdata.ais.dk/2025/aisdk-2025-01-20.zip
2024-09-03,2024-09,http://aisdata.ais.dk/2024/aisdk-2024-09-03.zip
2025-01-24,2025-01,http://aisdata.ais.dk/2025/aisdk-2025-01-24.zip
2024-09-04,2024-09,http://aisdata.ais.dk/2024/aisdk-2024-09-04.zip
2025-02-17,2025-02,http://aisdata.ais.dk/2025/aisdk-2025-02-17.zip
2024-09-05,2024-09,http://aisdata.ais.dk/2024/aisdk-2024-09-05.zip
2025-02-19,2025-02,http://aisdata.ais.dk/2025/aisdk-2025-02-19.zip
2025-01-25,2025-01,http://aisdata.ais.dk/2025/aisdk-2025-01-25.zip
2025-02-21,2025-02,http://aisdata.ais.dk/2025/aisdk-2025-02-21.zip
2025-02-20,2025-02,http://aisdata.ais.dk/2025/aisdk-2025-02-20.zip
2025-02-22,2025-02,http://aisdata.ais.dk/2025/aisdk-2025-02-22.zip
2025-02-18,2025-02,http://aisdata.ais.dk/2025/aisdk-2025-02-18.zip
2024-09-06,2024-09,http://aisdata.ais.dk/2024/aisdk-2024-09-06.zip
2024-09-07,2024-09,http://aisdata.ais.dk/2024/aisdk-2024-09-07.zip
2024-09-09,2024-09,http://aisdata.ais.dk/2024/aisdk-2024-09-09.zip
2024-09-08,2024-09,http://aisdata.ais.dk/2024/aisdk-2024-09-08.zip
2025-02-23,2025-02,http://aisdata.ais.dk/2025/aisdk-2025-02-23.zip
2025-02-24,2025-02,http://aisdata.ais.dk/2025/aisdk-2025-02-24.zip
2025-02-26,2025-02,http://aisdata.ais.dk/2025/aisdk-2025-02-26.zip
2025-02-25,2025-02,http://aisdata.ais.dk/2025/aisdk-2025-02-25.zip
2024-06-14,2024-06,http://aisdata.ais.dk/2024/aisdk-2024-06-14.zip
2024-06-15,2024-06,http://aisdata.ais.dk/2024/aisdk-2024-06-15.zip
2024-11-03,2024-11,http://aisdata.ais.dk/2024/aisdk-2024-11-03.zip
2024-11-05,2024-11,http://aisdata.ais.dk/2024/aisdk-2024-11-05.zip
2024-12-17,2024-12,http://aisdata.ais.dk/2024/aisdk-2024-12-17.zip
2024-11-04,2024-11,http://aisdata.ais.dk/2024/aisdk-2024-11-04.zip
2024-12-18,2024-12,http://aisdata.ais.dk/2024/aisdk-2024-12-18.zip
2024-11-06,2024-11,http://aisdata.ais.dk/2024/aisdk-2024-11-06.zip
2024-12-04,2024-12,http://aisdata.ais.dk/2024/aisdk-2024-12-04.zip
2024-12-16,2024-12,http://aisdata.ais.dk/2024/aisdk-2024-12-16.zip
2024-12-05,2024-12,http://aisdata.ais.dk/2024/aisdk-2024-12-05.zip
2024-12-19,2024-12,http://aisdata.ais.dk/2024/aisdk-2024-12-19.zip
2025-01-26,2025-01,http://aisdata.ais.dk/2025/aisdk-2025-01-26.zip
2024-06-12,2024-06,http://aisdata.ais.dk/2024/aisdk-2024-06-12.zip
2025-01-27,2025-01,http://aisdata.ais.dk/2025/aisdk-2025-01-27.zip
2024-11-01,2024-11,http://aisdata.ais.dk/2024/aisdk-2024-11-01.zip
2024-11-02,2024-11,http://aisdata.ais.dk/2024/aisdk-2024-11-02.zip
